loginid,name,password,_id,domain
pamesbury0@ftc.gov,Patty,B3UBLTiUjt,5cbe8179fc13ae1a390000c8,mess
brantoul1@so-net.ne.jp,Byrom,UST0N8KsJYfU,5cbe8179fc13ae1a390000c9,mess
tcarslaw2@fastcompany.com,Tye,LDsv3c2jFs,5cbe8179fc13ae1a390000ca,mess
drobert3@businessinsider.com,Di,9WveytaCQ4,5cbe8179fc13ae1a390000cb,sac
dhaggidon4@amazon.de,Dyan,EWnMYfP2exI,5cbe8179fc13ae1a390000cc,mess
mbenesevich5@redcross.org,Marjory,TtR8DNl437ql,5cbe8179fc13ae1a390000cd,sac
wheap6@networkadvertising.org,Walsh,S2TMts9c1eU,5cbe8179fc13ae1a390000ce,sac
ccunradi7@accuweather.com,Candie,oloPkI,5cbe8179fc13ae1a390000cf,hostel
sollenbuttel8@wunderground.com,Stanwood,WDiLClRPr,5cbe8179fc13ae1a390000d0,mess
jmacmarcuis9@elpais.com,Jeannette,xmGjSwgcVAp,5cbe8179fc13ae1a390000d1,hostel
eoldeya@about.com,Emmeline,z7TWE5vr4f6,5cbe8179fc13ae1a390000d2,sac
mcoltherdb@timesonline.co.uk,Mariele,URgnUCnDnfHl,5cbe8179fc13ae1a390000d3,hostel
fpowec@webeden.co.uk,Ferdinanda,neIpiiPRYYgX,5cbe8179fc13ae1a390000d4,hostel
nscimonellid@discovery.com,Nannette,Agmt6l3,5cbe8179fc13ae1a390000d5,student
lortegae@example.com,Lucien,llJXjB7Ry99,5cbe8179fc13ae1a390000d6,mess
eedgelerf@rambler.ru,Englebert,OmOavpcwL0x1,5cbe8179fc13ae1a390000d7,student
alidstoneg@people.com.cn,Arlene,rnUQzvY9gh7r,5cbe8179fc13ae1a390000d8,sac
sstanistreeth@symantec.com,Siobhan,sDT2AKngHNzG,5cbe8179fc13ae1a390000d9,student
calesoi@addtoany.com,Candace,Lhu8BZGUL,5cbe8179fc13ae1a390000da,hostel
abrizlandj@uiuc.edu,Aleece,nLTMwLdS2nOq,5cbe8179fc13ae1a390000db,hostel
vfyfieldk@si.edu,Viviana,YrlwV0rn,5cbe8179fc13ae1a390000dc,sac
edebrickl@mlb.com,Elset,WAaBrCUwB,5cbe8179fc13ae1a390000dd,sac
kgilliganm@wikimedia.org,Keely,bG4RljxSiM9,5cbe8179fc13ae1a390000de,student
glambillionn@ezinearticles.com,Genevieve,cWpfYqFuviI,5cbe8179fc13ae1a390000df,mess
jpinno@shareasale.com,Jessie,tuqanADS,5cbe8179fc13ae1a390000e0,student
khenkenp@accuweather.com,Keefer,226sa1uCo,5cbe8179fc13ae1a390000e1,mess
dloveq@amazonaws.com,Dorie,OEb8VIIfMNc,5cbe8179fc13ae1a390000e2,student
pcellar@businessweek.com,Peyton,VIdwFN,5cbe8179fc13ae1a390000e3,student
otarrys@discuz.net,Orin,oZZQFV,5cbe8179fc13ae1a390000e4,hostel
kgiamellit@nps.gov,Ketty,raPdQACA0sX,5cbe8179fc13ae1a390000e5,mess
nwernyu@state.gov,Norby,ZNWA286Hm,5cbe8179fc13ae1a390000e6,sac
bbabberv@example.com,Bayard,JVHbJwpxnGk,5cbe8179fc13ae1a390000e7,hostel
cdetheridgew@51.la,Camille,6o3KzaUx,5cbe8179fc13ae1a390000e8,sac
kdibnerx@miitbeian.gov.cn,Katy,BWkSNk,5cbe8179fc13ae1a390000e9,mess
mcancellieriy@nsw.gov.au,Michaelina,uxhgX6Q,5cbe8179fc13ae1a390000ea,mess
toloinnz@oracle.com,Timmi,7o2566ip1,5cbe8179fc13ae1a390000eb,sac
cdurbridge10@vkontakte.ru,Corina,nZvQc5e,5cbe8179fc13ae1a390000ec,hostel
bbriers11@mysql.com,Bert,QYABraGfG,5cbe8179fc13ae1a390000ed,mess
rlawranson12@issuu.com,Roch,nVrWqBbW,5cbe8179fc13ae1a390000ee,mess
elefeaver13@tripod.com,Erwin,SILEkGkrS,5cbe8179fc13ae1a390000ef,sac
ecastro14@networksolutions.com,Eddy,NqCF2fcJ,5cbe8179fc13ae1a390000f0,mess
ncoppledike15@sogou.com,Niven,bApcj9JTxwO,5cbe8179fc13ae1a390000f1,hostel
cpopplestone16@webmd.com,Christye,n5ybn1JYp,5cbe8179fc13ae1a390000f2,mess
zvelti17@printfriendly.com,Zolly,TkN48Go2,5cbe8179fc13ae1a390000f3,student
magates18@artisteer.com,Maurizio,QPi2fw9ee,5cbe8179fc13ae1a390000f4,mess
mwicks19@springer.com,Moises,3ln4WjuAmRdW,5cbe8179fc13ae1a390000f5,hostel
mwingrove1a@bravesites.com,Maxy,hMu5wnam,5cbe8179fc13ae1a390000f6,hostel
sprater1b@senate.gov,Siward,t4hymgy,5cbe8179fc13ae1a390000f7,hostel
sbalham1c@google.cn,Sandy,n7S8YrnH188,5cbe8179fc13ae1a390000f8,student
bdronsfield1d@answers.com,Barnaby,mIgeIWE,5cbe8179fc13ae1a390000f9,hostel
teltune1e@technorati.com,Tiphani,GKiTLfGL,5cbe8179fc13ae1a390000fa,sac
fglyde1f@chron.com,Frederica,G23IkWpXR1,5cbe8179fc13ae1a390000fb,student
byakunin1g@admin.ch,Barbi,bclZTbtnPVFz,5cbe8179fc13ae1a390000fc,hostel
edowngate1h@loc.gov,Eimile,XMzzMcR,5cbe8179fc13ae1a390000fd,mess
lcabera1i@stanford.edu,Laurie,X1UELDPaG3B,5cbe8179fc13ae1a390000fe,hostel
jbuxsey1j@ibm.com,Jolene,a8AvguDze,5cbe8179fc13ae1a390000ff,sac
fgiacopini1k@webeden.co.uk,Faunie,nfkZs8QDo,5cbe8179fc13ae1a39000100,mess
nhale1l@chron.com,Nell,esOTCCCbKgjo,5cbe8179fc13ae1a39000101,student
kcranson1m@netscape.com,Kassie,nXgsZC9SaN,5cbe8179fc13ae1a39000102,hostel
hweller1n@wikispaces.com,Halimeda,kaK0LXW,5cbe8179fc13ae1a39000103,hostel
mstranks1o@free.fr,Maxim,VZwx9lMGK,5cbe8179fc13ae1a39000104,sac
ccutler1p@wikipedia.org,Cordula,AwXODOCh,5cbe8179fc13ae1a39000105,mess
wranvoise1q@theguardian.com,Wini,4LPTen1,5cbe8179fc13ae1a39000106,mess
abroughton1r@homestead.com,Alexei,vF6P7T,5cbe8179fc13ae1a39000107,student
pwalkinshaw1s@weather.com,Pavia,I2sJfEZ4Wa,5cbe8179fc13ae1a39000108,sac
mandreaccio1t@china.com.cn,Maximilian,UWWLhICp0P6W,5cbe8179fc13ae1a39000109,sac
mpolack1u@bbc.co.uk,Mollie,o8zOX8WvH8,5cbe8179fc13ae1a3900010a,mess
mkilshaw1v@bloomberg.com,Marvin,WY9F7Q,5cbe8179fc13ae1a3900010b,sac
idahlberg1w@harvard.edu,Ilse,eFGboFXypW0,5cbe8179fc13ae1a3900010c,hostel
csappell1x@newsvine.com,Claudelle,46Aumjsby,5cbe8179fc13ae1a3900010d,student
acornewall1y@marketwatch.com,Ami,40gKC2AsFDA6,5cbe8179fc13ae1a3900010e,mess
cshalliker1z@about.me,Cherri,lIwBtCKygg,5cbe8179fc13ae1a3900010f,sac
dplacidi20@facebook.com,Dee dee,cDeRoaYQZ,5cbe8179fc13ae1a39000110,hostel
khedon21@pen.io,Karin,ACf8yv,5cbe8179fc13ae1a39000111,hostel
abaribal22@wunderground.com,Alexandr,h0oAy0YM,5cbe8179fc13ae1a39000112,student
hcasetta23@bluehost.com,Harmonia,7FoIeXPRsghT,5cbe8179fc13ae1a39000113,student
jbrech24@goo.gl,Josephina,y2noAbYSwFbm,5cbe8179fc13ae1a39000114,sac
oseebert25@biblegateway.com,Olympia,elRacJ,5cbe8179fc13ae1a39000115,mess
lwickwarth26@nba.com,Lanie,WX2vmQqoXwU,5cbe8179fc13ae1a39000116,mess
fsalliere27@baidu.com,Feliza,ZjA6Gw,5cbe8179fc13ae1a39000117,student
mastling28@miibeian.gov.cn,Malvina,p9F62Ch,5cbe8179fc13ae1a39000118,mess
twebling29@ucla.edu,Tailor,r4jK1z,5cbe8179fc13ae1a39000119,student
klozano2a@xinhuanet.com,Kassandra,QMA6DWI8a,5cbe8179fc13ae1a3900011a,hostel
nblant2b@123-reg.co.uk,Noah,WeXgvAh6q,5cbe8179fc13ae1a3900011b,student
ajosephsen2c@parallels.com,Aldric,CNuMLK3pFnD,5cbe8179fc13ae1a3900011c,hostel
icawkwell2d@ucsd.edu,Isadora,bkceA1YkOvAW,5cbe8179fc13ae1a3900011d,hostel
torrum2e@cbslocal.com,Tibold,M7MDjTx8Xz,5cbe8179fc13ae1a3900011e,hostel
stubbs2f@go.com,Sly,d8OPRycdRV,5cbe8179fc13ae1a3900011f,student
asurguine2g@posterous.com,Abbey,khup0tFiy9y,5cbe8179fc13ae1a39000120,hostel
sgreatbank2h@macromedia.com,Sharlene,B0IF62D,5cbe8179fc13ae1a39000121,sac
jsowle2i@gravatar.com,Jami,Nd1wTjwsnNOi,5cbe8179fc13ae1a39000122,sac
fmance2j@europa.eu,Francis,pOLjk3iWI1x,5cbe8179fc13ae1a39000123,mess
mberthome2k@discuz.net,Marten,goW46Wc,5cbe8179fc13ae1a39000124,sac
fjoll2l@newsvine.com,Fonsie,WfPdOnR7L,5cbe8179fc13ae1a39000125,mess
ebrood2m@ebay.co.uk,Elbert,Um8WJcgnHS,5cbe8179fc13ae1a39000126,student
jdagleas2n@amazon.co.uk,Janella,4zHa0v,5cbe8179fc13ae1a39000127,sac
odoughartie2o@pagesperso-orange.fr,Oberon,Jt1j7ss3ov,5cbe8179fc13ae1a39000128,sac
cmertsching2p@ucsd.edu,Cody,jzthVG,5cbe8179fc13ae1a39000129,student
hjaslem2q@hubpages.com,Humberto,kdjpU6R,5cbe8179fc13ae1a3900012a,hostel
mschwieso2r@trellian.com,Marty,7daxsJRljlY,5cbe8179fc13ae1a3900012b,mess
